index,0
Path,/Users/rashbir/Desktop/Sidekicker/LaurenceWhite/Webapp/pdf_analyst_webapp/webapp/media/documents/0000_Case_names_R7QsRkR.pdf
File Size,71.921 KB (71921 bytes)
Most Recent Access,2020-09-29 23:13:25
Most Recent Content Change,2020-09-29 23:13:22
Most Recent Metadata Change,2020-09-29 23:13:22
MD5 Hash,6d41f79a8d430dbb3c6f149298cd9fb0
SHA1 Hash,9d89fc5e5da970a6c391f6b6aed8a11e7ba6f670
SHA224 Hash,4e507f8d174026984d5718af10204a98edd1364a3b0902a8c42c5616
SHA256 Hash,964490c864becacc248438c8e00bbe2343a708e587633ac204e5d2f1bf0d20f9
SHA384 Hash,5c25b03f39f12b96c0f9c694c775b623dc1cfb0e01d6bd33a1fd606431a70f55b59cf47a03177c01b02b4d37134d42f5
SHA512 Hash,57dbbeb89ea9ea016ee6610e36fa584d46ad36f3eb8a177b06875b7cbfe0145bd1e664a0bc05ba2d09b962a5d92d5e9c4222c6433f1cf22242ff1d01739a1ded
