{"WORD": [[0.5, 0.5, 0.5], "Highlight", "0.25", 0], "REDACTED": [[1.0, 1.0, 1.0], "1", "0.25", 1], "NEGATIVE_POINT": [[1, 0, 0], "Highlight", "0.25", 1], "KEY_POINT": [[1, 0.5, 0], "Highlight", "0.25", 1], "HIGHLIGHT": [[1, 1, 0], "Highlight", 0.25, 1], "DATE": [[0.5, 1, 0], "Highlight", "0.25", 1], "Unused1": [[0, 0.6, 0], "Highlight", 0.25, 1], "Unused2": [[0, 1, 0.4], "Highlight", 0.25, 1], "Unused3": [[0, 0.2, 1], "Highlight", 0.25, 1], "Unused4": [[0.6, 0, 1], "Highlight", 0.25, 1], "Unused5": [[0.6, 0.6, 0.6], "Highlight", 0.25, 1], "Unused6": [[1, 0.9, 0], "Highlight", 0.25, 1], "Unused8": [[0.1, 0.9, 0.0], "Highlight", 0.25, 1], "Unused7": [[0.3, 0.8, 1], "Highlight", 0.25, 1], "Unused9": [[0.9, 0, 0.6], "Highlight", 0.25, 1], "POSITIVE_POINT": [[0, 1, 0], "8", "0.25", 1], "TIME": [[0, 1, 0.5], "Highlight", "0.25", 1], "PERSON": [[0, 1, 1], "Highlight", "0.25", 1], "ORG": [[0.2, 0.7, 1], "Highlight", "0.25", 1], "Unused10": [[0, 0, 1], "Highlight", 0.25, 1], "PHONE": [[0.6, 0.3, 1], "Highlight", "0.25", 1], "EMAIL": [[1, 0, 1], "Highlight", "0.25", 1], "ADDRESS": [[1, 0, 0.5], "Highlight", "0.25", 1], "LAW": [[1, 0.4, 0.4], "Highlight", "0.25", 1], "CASELAW": [[0.8, 0.4, 0.4], "Highlight", "0.25", 1], "BARCODE": [[1, 0.6, 0.6], "Highlight", "0.25", 1], "NUMBER": [[1, 0.8, 0.8], "Highlight", "0.25", 1], "QUOTE": [[0.8, 0.6, 1], "Highlight", "0.25", 1], "MONEY": [[1, 1, 0.6], "Highlight", "0.25", 1], "JUDGE": [[0.6, 0.4, 0.8], "Highlight", "0.25", 1], "CASENAME": [[0.82, 0.7, 0.54], "Highlight", 0.25, 1], "CITATION": [[0, 0.39, 0], "Highlight", 0.25, 0], "INSTRUMENT": [[1, 0.6, 0.47], "Highlight", 0.25, 0], "PROVISION": [[1, 0.3, 0.27], "Highlight", 0.25, 0], "COURT": [[0.9, 0.5, 0.5], "Highlight", "0.25", 1]}